Information,Engine Model,Engine Type,Manufacturer,Takeoff Thrust (lb),Bypass ratio,Pressure ratio,Takeoff Mass flow (lb/s),Takeoff SFC (lb/hr/lb),Climb Max. thrust (lb),Cruise Altitude (ft),Cruise Mach number,Cruise Thrust (lb),Cruise Thrust lapse rate,Cruise Sfc lb/hr/lb,Length (m),Fan diameter (m),Basic eng. wt. (lb),Number of shafts,Compressor,Turbine,Year
1,3C1,CFM 56,CFMI,23500,4.8,25.7,710,0.33,5540,35000,0.8,,,0.67,2.36,1.6,4301,2,1+3LP 9HP,1HP 4LP,1986
2,5A1,CFM 56,CFMI,25000,6,26.5,852,0.33,5670,35000,0.8,,,0.6,2.51,1.83,4860,2,1+3LP 9HP,1HP 4LP,1987
3,5C2,CFM 56,CFMI,31200,6.4,31.5,1065,0.32,7580,35000,0.8,,,0.55,2.62,1.95,5700,2,1+4LP 9HP,1HP 5LP,1994
4,7B20,CFM 56,CFMI,20600,,,,0.36,,,,,,,2.5,1.65,5234,2,3LP 9HP,1HP 4LP,1997
5,A1,V2500,IAE,25000,5.4,29.4,781,0.35,5620,35000,0.8,5070,0.2,0.58,3.2,1.68,5210,2,1+4LP 10HP,2HP 5LP,1989
6,A5,V2522,IAE,22000,5,24.9,738,0.34,5550,35000,0.8,5185,0.24,0.57,3.2,1.68,5252,2,1+4LP 10HP,2HP 5LP,1993
7,A5,V2533,IAE,33000,4.6,33.4,848,0.37,6225,35000,0.8,5725,0.17,0.57,3.2,1.68,5230,2,1+4LP 10HP,2HP 5LP,1994
8,D5,V2525,IAE,25000,4.8,27.7,784,0.36,6061,35000,0.8,5773,0.23,0.57,3.2,1.68,5252,2,1+4LP 10HP,2HP 5LP,1994
9,"3A,3B",CF34,GEN ELEC,9220,,21,,0.35,,,,,,,2.616,1.245,1670,2,1F+14cHP,2HP 4LP,1996
10,80A2,CF6,GEN ELEC,60000,4.66,27.3,1435,0.35,,35000,0.8,11045,0.221,0.623,3.98,2.49,8496,2,1+3LP 14HP,2HP 4LP,1981
11,80C2-A5,CF6,GEN ELEC,61300,5.05,31.5,1769,0.34,12860,35000,0.8,11340,0.184991843,0.578,4.267,2.694,9135,2,1+4LP 14HP,2HP 5LP,1987
12,80C2-B1F,CF6,GEN ELEC,58000,5.15,29.9,1764,0.32,13180,35000,0.8,12820,0.221034483,0.564,4.267,2.694,9499,2,1+4LP 14HP,2HP 5LP,
13,80C2-B2,CF6,GEN ELEC,52500,5.31,27.1,1650,0.32,12650,35000,0.8,12000,0.228571429,0.576,4.267,2.694,9399,2,1+4LP 14HP,2HP 5LP,1986
14,80E1A2,CF6,GEN ELEC,67500,5.3,32.4,1926,0.33,,,,,,0.562,4.343,2.794,10726,2,1+4LP 14HP,2HP 5LP,
15,85B,GE 90,GEN ELEC,90000,8.4,39.3,3037,,18000,35000,0.83,,,0.545,5.181,3.404,16644,2,1+3LP 10HP,2HP 6LP,1995
16,JT8D-219,,P & W,21700,1.77,19.2,488,0.519,,35000,0.76,5240,0.241474654,0.737,13.917,1.43,4515,2,1+6LP 7HP,1HP 3LP,1986
17,PW2037,,P & W,38250,6,31.8,1210,0.33,8500,35000,0.85,6500,0.169934641,0.582,3.729,2.154,7160,2,1+4LP 11HP,2HP 5LP,1983
18,PW4052,,P & W,52200,4.85,27.5,1705,0.351,,35000,0.8,,,,3.87858,2.477,9400,2,1+4LP 11HP,2HP 4LP,1986
19,PW4056,,P & W,56750,4.85,29.7,1705,0.359,,35000,0.8,,,,3.87858,2.477,9400,2,1+4LP 11HP,2HP 4LP,1987
20,PW4152,,P & W,52000,4.85,27.5,1705,0.348,,,,,,,3.879,2.477,9400,2,1+4LP 11HP,2HP 4LP,1986
21,PW4168,,P & W,68000,5.1,32,1934,,,35000,0.8,,,,4.14274,2.53492,14350,2,1+5LP 11HP,2HP 5LP,1993
22,PW4084,,P & W,84000,6.41,34.2,2550,,,35000,0.83,,,,4.86918,2.8448,13700,2,1+6LP.11HP,2HP 7LP,1994
23,555-15P,RB 183,RR,9900,0.71,15.5,208,0.56,,25000,0.74,3730,0.376767677,0.8,52.456,0.94,2287,2,4LP 12HP,2HP 2LP,1969
24,524H,RB-211-,RR,60600,4.3,33,1605,0.563,12726,35000,0.85,11813,0.194933993,0.57,3.175,2.192,9670,3,1LP 7IP 6HP,1HP 1IP 3LP,1989
25,535E4/E4-B,RB-211-,RR,43100,4.3,25.8,1151,0.607,9110,35000,0.8,8495,0.197099768,0.598,2.995,1.882,7264,3,1LP 6IP 6HP,1HP 1IP 3LP,1984
26, 511-8,SPEY,RR,11400,0.64,18.4,197,,,43000,0.75,2100,0.184210526,0.8,2.784,0.826,2483,2,5LP 12HP,2HP 2LP,1968
27,772,TRENT,RR,71100,4.89,36.84,1978,,15386,35000,0.82,11500,0.161744023,0.565,3.912,2.474,10550,3,1LP 8IP 6HP,1HP 1IP 4LP,1995
28,892,TRENT,RR,91300,5.74,42.7,2720,,18020,3500,0.83,13000,0.142387733,0.557,4.369,2.794,13133,3,1LP 8IP 6HP,1HP 1IP 5LP,
29,611,TAY,RR,13850,3.04,15.8,410,0.43,3400,35000,0.8,2550,0.184115523,0.69,2.59,1.52,2951,2,1+3LP 12HP,2HP 3LP,1988
30,651,TAY,RR,15400,3.07,16.6,426,0.45,3895,35000,0.8,2950,0.191558442,0.69,2.59,1.52,3380,2,1+3LP 12HP,2HP 3LP,1992
32,ALF502R-5,,ALLIEDSIG,6970,5.7,12.2,,0.408,,25000,0.7,2250,0.322812052,0.72,1.62,1.272,1336,2,1+2L 7+1HP,2HP 2LP,1982
33,AE3007,,ALLISON,7150,,24,,0.39,,,,,,,2.705,1.105,1581,,,,
34,CFE738,,CFE,5918,5.3,23,240,0.369,,40000,0.8,1310,,0.645,2.514,1.219,1325,2,1+5LP+1CF,2HP 3LP,1992
35,JT15D,,P&W Canada,3045,3.3,13.1,75,0.56,,40000,0.8,2414,,0.541,1.55,0.69,632,2,1+1LP+1CF,1HP 2LP,1983
36,PW305B,,P&W Canada,5266,4.5,23,180,0.391,,40000,0.8,1113,,0.675,2.083,1.11,993,2,1+4LP+1HP,2HP 3LP,1990
37,BR710,,BMW:RR,14845,4,25.7,445,0.39,3564,35000,0.8,3480,#VALUE!,0.64,2.21,1344,3520,2,1+1LP 10HP,2HP 2LP,1996
38,BB715-55,,BMW:RR,19883,4.7,32.1,614,0.37,4716,35000,0.8,4380,0.220288689,0.62,2.588,1.53,4545,2,1+2LP 10HP,2HP 3LP,
39,FJ44,,WILL: RR,1900,3.28,12.8,63.3,0.456,,30000,0.7,600,0.315789474,0.75,1.064,0.531,445,2,1+1L 1C 1H,1HP 2LP,1992
40,D-30KU II,,JASC AVIA,23850,2.42,,593,,,36089,0.8,6063,0.254213836,0.7,5.2,1.455,5110,2,1+3LP 11HP,2HP 4LP,1982
41,PS-90A,,JASC AVIA,35275,4.6,35.5,,,,36089,0.8,7716,0.218738483,0.595,4.964,1.9,6503,2,1+2LP 13HP,2 HP 4LP,1992
42,D-18T,,ZMKB ,51660,5.6,25,1687,,,36089,0.75,10716,0.207433217,0.57,5.4,2.33,9039,3,1LP 7IP 7HP,1HP 1IP 4LP,1982
43,D-436T1,,ZMKB,16865,4.95,25.2,,,,36089,0.75,3307,0.19608657,0.61,,1.373,3197,3,1+1L 6I 7HP,1HP 1IP 3LP,1996