918.7867868,-1988.277045,-0.726971572
925.7927928,-2058.310286,-0.765168944
932.7987988,-2053.037909,-0.775733007
939.8048048,-2046.958432,-0.785887374
946.8108108,-2040.275097,-0.795696267
953.8168168,-2101.686959,-0.832356188
960.8228228,-2095.851769,-0.842681461
967.8288288,-2089.783269,-0.852802688
974.8348348,-2083.129959,-0.862570028
981.8408408,-2137.232658,-0.897739061
988.8468468,-2131.616669,-0.908072652
995.8528529,-2125.052086,-0.9178891
1002.858859,-2172.85897,-0.951393676
1009.864865,-2167.290766,-0.961735893
1016.870871,-2161.049786,-0.971668036
1023.876877,-2154.493581,-0.981341367
1030.882883,-2197.969091,-1.013976827
1037.888889,-2192.196059,-1.024070048
1044.894895,-2185.588014,-1.033658394
1051.900901,-2224.908453,-1.0651144
1058.906907,-2219.107218,-1.075119908
1065.912913,-2212.652659,-1.084694958
1072.918919,-2248.386626,-1.115075869
1079.924925,-2242.492877,-1.124938566
1086.930931,-2236.330586,-1.134554147
1093.936937,-2268.841601,-1.163895283
1100.942943,-2263.236948,-1.173791724
1107.948949,-2256.855309,-1.183173728
1114.954955,-2287.062092,-1.211827223
1121.960961,-2281.271737,-1.221500009
1128.966967,-2274.964686,-1.230784816
1135.972973,-2303.000116,-1.258726103
1142.978979,-2297.157154,-1.268230056
1149.984985,-2322.409296,-1.294964285
1156.990991,-2317.008731,-1.304672184
1163.996997,-2311.09998,-1.313988246
1171.003003,-2334.821472,-1.340204335
1178.009009,-2329.35634,-1.349723092
1185.015015,-2350.861045,-1.374912647
1192.021021,-2345.808412,-1.384615663
1199.027027,-2340.051504,-1.393801524
1206.033033,-2360.671344,-1.418734821
1213.039039,-2355.272586,-1.428069895
1220.045045,-2374.131703,-1.452142066
1227.051051,-2369.072082,-1.461615033
1234.057057,-2363.497322,-1.470671405
1241.063063,-2381.61457,-1.494493805
1248.069069,-2376.325788,-1.503654088
1255.075075,-2393.043714,-1.526757273
1262.081081,-2388.008932,-1.536001579
1269.087087,-2382.420727,-1.544792985
1276.093093,-2398.666614,-1.56775581
1283.099099,-2393.334104,-1.576630474
1290.105105,-2408.400501,-1.59895218
1297.111111,-2403.305312,-1.607898957
1304.117117,-2417.310266,-1.629629302
1311.123123,-2412.428625,-1.63863343
1318.129129,-2425.507432,-1.659838415
1325.135135,-2420.78699,-1.668865239
1332.141141,-2433.049309,-1.689597912
1339.147147,-2428.449781,-1.698620033
1346.153153,-2423.284526,-1.707157918
1353.159159,-2435.473988,-1.727917742
1360.165165,-2430.471498,-1.736477138
1367.171171,-2441.918308,-1.756782049
1374.177177,-2437.060318,-1.765350975
1381.183183,-2447.889006,-1.78527399
1388.189189,-2443.095201,-1.793794901
1395.195195,-2453.370491,-1.813368838
1402.201201,-2448.61914,-1.821825359
1409.207207,-2458.397416,-1.841079099
1416.213213,-2453.696255,-1.849476625
1423.219219,-2462.999443,-1.868415013
1430.225225,-2458.385545,-1.876781754
1437.231231,-2467.203268,-1.895385868
1444.237237,-2462.666408,-1.903714603
1451.243243,-2471.037885,-1.922003826
1458.249249,-2466.562473,-1.930283078
1465.255255,-2474.598467,-1.948334473
1472.261261,-2470.098588,-1.956497048
1479.267267,-2477.832164,-1.974329138
1486.273273,-2473.305894,-1.982372479
1493.279279,-2480.752333,-1.999990618
1500.285285,-2476.257975,-2.007961032
1507.291291,-2483.376647,-2.025325788
1514.297297,-2489.790521,-2.042144335
1521.303303,-2485.748086,-2.050363244
1528.309309,-2491.941046,-2.067000579
1535.315315,-2487.897337,-2.075122887
1542.321321,-2493.83823,-2.091548196
1549.327327,-2489.782809,-2.099564898
1556.333333,-2495.557566,-2.115845634
1563.339339,-2491.418655,-2.123695501
1570.345345,-2497.057231,-2.139853616
1577.351351,-2492.860808,-2.14755749
1584.357357,-2498.327224,-2.163558938
1591.363363,-2503.247387,-2.179101866
1598.369369,-2499.395545,-2.186981337
1605.375375,-2504.206336,-2.202412979
1612.381381,-2500.308315,-2.210157643
1619.387387,-2504.961226,-2.225432696
1626.393393,-2501.010592,-2.233036035
1633.399399,-2505.596234,-2.248232615
1640.405405,-2509.699141,-2.263003462
1647.411411,-2506.031529,-2.270738691
1654.417417,-2510.083076,-2.285439317
1661.423423,-2506.273354,-2.292952835
1668.429429,-2510.287152,-2.307594553
1675.435435,-2513.865691,-2.321839163
1682.441441,-2510.305129,-2.329460141
1689.447447,-2513.868282,-2.343661846
1696.453453,-2510.215704,-2.351106414
1703.459459,-2513.691477,-2.365197309
1710.465465,-2516.857188,-2.378995798
1717.471471,-2513.414915,-2.386517999
1724.477477,-2516.510368,-2.400217435
1731.483483,-2512.967338,-2.407554504
1738.489489,-2516.07013,-2.421228209
1745.495495,-2518.832689,-2.434571019
1752.501502,-2515.456115,-2.441949242
1759.507508,-2518.238615,-2.455275961
1766.513514,-2514.709431,-2.46241778
1773.51952,-2517.475623,-2.475693116
1780.525526,-2519.974311,-2.488699886
1787.531532,-2516.595675,-2.495871189
1794.537538,-2519.07359,-2.508819789
1801.543544,-2521.320773,-2.521531147
1808.54955,-2518.077628,-2.528720649
1815.555556,-2520.306062,-2.541373854
1822.561562,-2522.319689,-2.553801325
1829.567568,-2519.1933,-2.560993567
1836.573574,-2521.20833,-2.573381628
1843.57958,-2517.917179,-2.580322316
1850.585586,-2519.977237,-2.592715781
1857.591592,-2521.802605,-2.604857744
1864.597598,-2518.598557,-2.611773327
1871.603604,-2520.459375,-2.623910116
1878.60961,-2522.116119,-2.635823249
1885.615616,-2518.993342,-2.642710225
1892.621622,-2520.66425,-2.65459528
1899.627628,-2522.171111,-2.666295325
1906.633634,-2519.119312,-2.673145174
1913.63964,-2520.639971,-2.684816204
1920.645646,-2521.990891,-2.696293302
1927.651652,-2518.996054,-2.70309332
1934.657658,-2520.387947,-2.714569996
1941.663664,-2521.602347,-2.725841644
1948.66967,-2518.642179,-2.732569682
1955.675676,-2519.920732,-2.743865941
1962.681682,-2521.031294,-2.754964895
1969.687688,-2518.088051,-2.761603071
1976.693694,-2519.249845,-2.772712796
1983.6997,-2520.268157,-2.783649732
1990.705706,-2517.351273,-2.7902096
1997.711712,-2518.399734,-2.801134252
2004.717718,-2519.326071,-2.811907729
2011.723724,-2520.121231,-2.822518578
2018.72973,-2517.394828,-2.829155119
2025.735736,-2518.225811,-2.839759693
2032.741742,-2518.945411,-2.850222117
2039.747748,-2516.221171,-2.856757752
2046.753754,-2516.988665,-2.867227958
2053.75976,-2517.631555,-2.877539471
2060.765766,-2514.88723,-2.883949564
2067.771772,-2515.598339,-2.894292583
2074.777778,-2516.193104,-2.904484875
2081.783784,-2516.673254,-2.914527315
2088.78979,-2514.064133,-2.920962561
2095.795796,-2514.61231,-2.931036941
2102.801802,-2515.054795,-2.940970536
2109.807808,-2512.422399,-2.947279154
2116.813814,-2512.907787,-2.957216099
2123.81982,-2513.305478,-2.967032168
2130.825826,-2513.617337,-2.97672869
2137.831832,-2511.096611,-2.98304182
2144.837838,-2511.453291,-2.992744503
2151.843844,-2511.717895,-3.002319236
2158.84985,-2511.91602,-3.011795786
2165.855856,-2509.48858,-3.018095776
2172.861862,-2509.733523,-3.027581559
2179.867868,-2509.894206,-3.036947082
2186.873874,-2507.40506,-3.043077852
2193.87988,-2507.632315,-3.052477217
2200.885886,-2507.780143,-3.061761479
2207.891892,-2507.850707,-3.070932518
2214.897898,-2505.433289,-3.077028885
2221.903904,-2505.552458,-3.086212764
2228.90991,-2505.615966,-3.095309362
2235.915916,-2505.608482,-3.104299183
2242.921922,-2503.249125,-3.110347504
2249.927928,-2503.288839,-3.11934934
2256.933934,-2503.261563,-3.128248763
2263.93994,-2503.186529,-3.13706925
2270.945946,-2500.871389,-3.143055129
2277.951952,-2500.843476,-3.151888488
2284.957958,-2500.753443,-3.160624539
2291.963964,-2500.603547,-3.169265575
2298.96997,-2500.40827,-3.177829459
2305.975976,-2498.233277,-3.183850607
2312.981982,-2498.089138,-3.192433579
2319.987988,-2497.88967,-3.2009265
2326.993994,-2497.636876,-3.209331453
2334,-2495.470903,-3.215251671
2341.006006,-2495.27901,-3.223689277
2348.012012,-2495.036814,-3.232042609
2355.018018,-2494.745216,-3.2403124
2362.024024,-2492.5891,-3.246134376
2369.03003,-2492.343925,-3.25441918
2376.036036,-2492.054356,-3.262626745
2383.042042,-2491.729527,-3.270768688
2390.048048,-2491.361705,-3.278834553
2397.054054,-2489.296501,-3.284641011
2404.06006,-2488.973142,-3.292720578
2411.066066,-2488.608701,-3.300726389
2418.072072,-2488.204651,-3.30866018
2425.078078,-2487.770412,-3.31653413
2432.084084,-2485.778771,-3.322306857
2439.09009,-2485.389379,-3.330196283
2446.096096,-2484.961937,-3.338015364
2453.102102,-2484.497786,-3.345765605
2460.108108,-2482.478529,-3.351396851
2467.114114,-2482.062617,-3.35916815
2474.12012,-2481.618219,-3.366881656
2481.126126,-2481.140348,-3.374530416
2488.132132,-2480.627678,-3.382112486
2495.138138,-2478.657946,-3.387683615
2502.144144,-2478.188933,-3.395281748
2509.15015,-2477.686483,-3.402815016
2516.156156,-2477.162297,-3.410299152
2523.162162,-2476.609813,-3.417725014
2530.168168,-2476.028469,-3.425091625
2537.174174,-2474.164499,-3.430660315
2544.18018,-2473.624676,-3.438041619
2551.186186,-2473.055851,-3.445363515
2558.192192,-2472.46142,-3.452630539
2565.198198,-2471.84741,-3.459850952
2572.204204,-2470.003259,-3.465326266
2579.21021,-2469.431336,-3.472563424
2586.216216,-2468.834116,-3.479746104
2593.222222,-2468.212473,-3.48687537
2600.228228,-2467.567257,-3.493952265
2607.234234,-2466.899293,-3.500977805
2614.24024,-2465.12334,-3.506408191
2621.246246,-2464.500103,-3.513455654
2628.252252,-2463.855647,-3.520454159
2635.258258,-2463.190224,-3.527403876
2642.264264,-2462.503107,-3.534303632
2649.27027,-2461.796495,-3.541156455
2656.276276,-2460.072971,-3.546524322
2663.282282,-2459.404948,-3.553391851
2670.288288,-2458.71638,-3.560211085
2677.294294,-2458.012496,-3.566989488
2684.3003,-2457.293246,-3.573726911
2691.306306,-2456.556358,-3.580419971
2698.312312,-2454.871203,-3.585709243
2705.318318,-2454.169699,-3.592413784
2712.324324,-2453.451003,-3.599074774
2719.33033,-2452.715709,-3.605692993
2726.336336,-2451.964395,-3.612269206
2733.342342,-2451.197622,-3.618804161
2740.348348,-2450.419632,-3.625304054
2747.354354,-2448.807347,-3.630548573
2754.36036,-2448.064525,-3.637061256
2761.366366,-2447.306983,-3.643533915
2768.372372,-2446.535232,-3.649967241
2775.378378,-2445.749769,-3.656361915
2782.384384,-2444.951079,-3.662718599
2789.39039,-2444.138492,-3.669036234
2796.396396,-2442.577512,-3.6742099
2803.402402,-2441.797745,-3.680538353
2810.408408,-2441.006519,-3.686831626
2817.414414,-2440.206552,-3.693093792
2824.42042,-2439.394814,-3.699320239
2831.426426,-2438.571724,-3.705511559
2838.432432,-2437.737687,-3.71166833
2845.438438,-2436.212308,-3.716752486
2852.444444,-2435.408031,-3.722916945
2859.45045,-2434.592967,-3.729047305
2866.456456,-2433.767494,-3.735144115
2873.462462,-2432.931984,-3.741207909
2880.468468,-2432.086797,-3.747239213
2887.474474,-2431.232947,-3.75323957
2894.48048,-2430.373019,-3.759212957
2901.486486,-2428.904571,-3.764225743
2908.492492,-2428.072257,-3.770205162
2915.498498,-2427.230948,-3.776153335
2922.504505,-2426.380967,-3.782070743
2929.510511,-2425.522626,-3.787957854
2936.516517,-2424.656229,-3.79381513
2943.522523,-2423.782072,-3.79964302
2950.528529,-2422.900443,-3.805441966
2957.534535,-2422.011621,-3.811212402
2964.540541,-2420.6122,-3.816160687
2971.546547,-2419.748804,-3.821935477
2978.552553,-2418.878237,-3.827682011
2985.558559,-2418.001925,-3.833402541
2992.564565,-2417.120488,-3.839098058
2999.570571,-2416.232576,-3.844766425
3006.576577,-2415.338432,-3.850408031
3013.582583,-2414.438295,-3.856023255
3020.588589,-2413.532394,-3.86161247
3027.594595,-2412.177941,-3.866465936
3034.600601,-2411.295211,-3.872057576
3041.606607,-2410.406694,-3.877623389
3048.612613,-2409.51261,-3.883163731
3055.618619,-2408.613171,-3.888678949
3062.624625,-2407.708583,-3.894169384
3069.630631,-2406.799046,-3.899635371
3076.636637,-2405.884756,-3.905077238
3083.642643,-2404.965902,-3.910495305
3090.648649,-2404.042671,-3.915889887
3097.654655,-2403.116152,-3.921262779
3104.660661,-2401.835928,-3.926041211
3111.666667,-2400.930982,-3.931415886
3118.672673,-2400.021715,-3.936767408
3125.678679,-2399.108297,-3.942096074
3132.684685,-2398.190896,-3.947402173
3139.690691,-2397.269673,-3.952685989
3146.696697,-2396.344786,-3.957947802
3153.702703,-2395.416388,-3.963187884
3160.708709,-2394.48463,-3.968406503
3167.714715,-2393.549656,-3.973603923
3174.720721,-2392.611608,-3.9787804
3181.726727,-2391.670622,-3.983936186
3188.732733,-2390.45529,-3.988618444
3195.738739,-2389.532268,-3.993772006
3202.744745,-2388.606213,-3.998904924
3209.750751,-2387.677255,-4.004017439
3216.756757,-2386.745521,-4.00910979
3223.762763,-2385.811135,-4.014182207
3230.768769,-2384.874216,-4.01923492
3237.774775,-2383.934882,-4.024268151
3244.780781,-2382.993247,-4.029282121
3251.786787,-2382.04942,-4.034277045
3258.792793,-2381.10351,-4.039253132
3265.798799,-2380.155621,-4.044210591
3272.804805,-2379.206773,-4.049151187
3279.810811,-2378.256145,-4.054073559
3286.816817,-2377.107123,-4.058642041
3293.822823,-2376.171569,-4.063559386
3300.828829,-2375.234083,-4.06845844
3307.834835,-2374.294758,-4.073339396
3314.840841,-2373.353688,-4.078202441
3321.846847,-2372.410962,-4.083047761
3328.852853,-2371.466668,-4.087875538
3335.858859,-2370.52089,-4.092685948
3342.864865,-2369.573711,-4.097479166
3349.870871,-2368.625211,-4.102255364
3356.876877,-2367.675467,-4.107014709
3363.882883,-2366.724557,-4.111757367
3370.888889,-2365.772552,-4.116483498
3377.894895,-2364.819526,-4.121193262
3384.900901,-2363.865546,-4.125886814
3391.906907,-2362.910681,-4.130564307
3398.912913,-2361.954996,-4.13522589
3405.918919,-2360.998554,-4.13987171
3412.924925,-2360.041417,-4.144501912
3419.930931,-2358.985444,-4.148943919
3426.936937,-2358.039885,-4.153565572
3433.942943,-2357.093503,-4.158171556
3440.948949,-2356.146356,-4.16276201
3447.954955,-2355.198502,-4.16733707
3454.960961,-2354.249997,-4.171896872
3461.966967,-2353.300896,-4.176441546
3468.972973,-2352.35125,-4.180971221
3475.978979,-2351.401113,-4.185486024
3482.984985,-2350.450532,-4.18998608
3489.990991,-2349.499556,-4.194471511
3496.996997,-2348.548231,-4.198942436
3504.003003,-2347.596604,-4.203398973
3511.009009,-2346.644718,-4.207841237
3518.015015,-2345.692616,-4.212269342
3525.021021,-2344.740338,-4.216683399
3532.027027,-2343.787926,-4.221083516
3539.033033,-2342.835417,-4.225469802
3546.039039,-2341.882849,-4.22984236
3553.045045,-2340.930258,-4.234201295
3560.051051,-2339.97768,-4.238546707
3567.057057,-2339.025149,-4.242878696
3574.063063,-2338.072698,-4.247197359
3581.069069,-2337.120357,-4.251502792
3588.075075,-2336.168159,-4.25579509
3595.081081,-2335.216134,-4.260074343
3602.087087,-2334.264308,-4.264340643
3609.093093,-2333.312712,-4.268594079
3616.099099,-2332.361371,-4.272834738
3623.105105,-2331.410311,-4.277062706
3630.111111,-2330.459558,-4.281278066
3637.117117,-2329.509135,-4.285480901
3644.123123,-2328.559066,-4.289671292
3651.129129,-2327.609373,-4.293849318
3658.135135,-2326.660078,-4.298015059
3665.141141,-2325.711201,-4.302168589
3672.147147,-2324.805862,-4.30638982
3679.153153,-2323.862979,-4.310528717
3686.159159,-2322.920392,-4.314655319
3693.165165,-2321.978123,-4.3187697
3700.171171,-2321.036192,-4.322871933
3707.177177,-2320.094617,-4.326962092
3714.183183,-2319.153417,-4.331040246
3721.189189,-2318.21261,-4.335106465
3728.195195,-2317.272212,-4.339160818
3735.201201,-2316.332241,-4.343203372
3742.207207,-2315.39271,-4.347234192
3749.213213,-2314.453637,-4.351253343
3756.219219,-2313.515034,-4.35526089
3763.225225,-2312.577159,-4.359257351
3770.231231,-2311.640054,-4.363242844
3777.237237,-2310.703469,-4.367216936
3784.243243,-2309.767416,-4.371179687
3791.249249,-2308.831908,-4.375131153
3798.255255,-2307.896954,-4.379071392
3805.261261,-2306.962565,-4.38300046
3812.267267,-2306.028751,-4.38691841
3819.273273,-2305.095521,-4.390825298
3826.279279,-2304.162885,-4.394721175
3833.285285,-2303.230851,-4.398606095
3840.291291,-2302.299427,-4.402480106
3847.297297,-2301.36862,-4.406343261
3854.303303,-2300.438439,-4.410195607
3861.309309,-2299.508889,-4.414037194
3868.315315,-2298.579976,-4.417868069
3875.321321,-2297.651708,-4.421688278
3882.327327,-2296.594743,-4.425248632
3889.333333,-2295.667027,-4.429045879
3896.339339,-2294.740082,-4.43283281
3903.345345,-2293.812955,-4.436607695
3910.351351,-2292.887569,-4.440374122
3917.357357,-2291.962962,-4.444130353
3924.363363,-2291.039136,-4.447876426
3931.369369,-2290.116094,-4.451612381
3938.375375,-2289.193836,-4.455338253
3945.381381,-2288.272364,-4.459054081
3952.387387,-2287.351678,-4.4627599
3959.393393,-2286.431809,-4.466455805
3966.399399,-2285.513496,-4.470143275
3973.405405,-2284.595975,-4.473820853
3980.411411,-2283.679244,-4.477488572
3987.417417,-2282.763303,-4.481146464
3994.423423,-2281.848152,-4.484794563
4001.429429,-2280.93379,-4.488432899
4008.435435,-2280.020215,-4.492061504
4015.441441,-2279.107425,-4.495680408
4022.447447,-2278.19542,-4.499289642
4029.453453,-2277.284198,-4.502889234
4036.459459,-2276.373756,-4.506479214
4043.465465,-2275.464092,-4.510059611
4050.471471,-2274.555204,-4.513630452
4057.477477,-2273.647089,-4.517191765
4064.483483,-2272.739746,-4.520743577
4071.489489,-2271.83317,-4.524285915
4078.495495,-2270.927359,-4.527818804
4085.501502,-2270.022311,-4.531342271
4092.507508,-2269.118875,-4.534858049
4099.513514,-2268.216275,-4.538364617
4106.51952,-2267.314428,-4.541861845
4113.525526,-2266.41333,-4.545349757
4120.531532,-2265.512979,-4.548828376
4127.537538,-2264.613369,-4.552297725
4134.543544,-2263.714498,-4.555757828
4141.54955,-2262.81636,-4.559208705
4148.555556,-2261.709542,-4.562227969
4155.561562,-2260.815835,-4.565665987
4162.567568,-2259.922905,-4.569094975
4169.573574,-2259.030748,-4.572514953
4176.57958,-2258.139358,-4.57592594
4183.585586,-2257.248728,-4.579327954
4190.591592,-2256.358853,-4.582721013
4197.597598,-2255.469728,-4.586105136
4204.603604,-2254.582356,-4.589482395
4211.60961,-2253.695734,-4.592850785
4218.615616,-2252.809845,-4.596210295
4225.621622,-2251.92468,-4.599560943
4232.627628,-2251.040234,-4.602902744
4239.633634,-2250.156502,-4.606235715
4246.63964,-2249.273475,-4.609559872
4253.645646,-2248.391149,-4.61287523
4260.651652,-2247.509516,-4.616181804
4267.657658,-2246.62857,-4.61947961
4274.663664,-2245.748305,-4.622768663
4281.66967,-2244.868715,-4.626048978
4288.675676,-2243.989847,-4.629320683
4295.681682,-2242.869784,-4.632084181
4302.687688,-2241.997694,-4.635349226
4309.693694,-2241.126287,-4.638605687
4316.6997,-2240.255556,-4.641853578
4323.705706,-2239.385495,-4.64509291
4330.711712,-2238.516094,-4.648323695
4337.717718,-2237.647347,-4.651545945
4344.723724,-2236.779247,-4.654759671
4351.72973,-2235.911786,-4.657964884
4358.735736,-2235.044956,-4.661161596
4365.741742,-2234.178751,-4.664349818
4372.747748,-2233.313162,-4.66752956
4379.753754,-2232.448803,-4.670702133
4386.75976,-2231.585554,-4.673867313
4393.765766,-2230.722898,-4.677024046
4400.771772,-2229.860826,-4.680172342
4407.777778,-2228.73043,-4.682747224
4414.783784,-2227.874856,-4.685889332
4421.78979,-2226.662925,-4.688271556
4428.795796,-2225.36449,-4.690460332
4435.801802,-2223.980493,-4.692457094
4442.807808,-2222.511861,-4.694263261
4449.813814,-2220.959512,-4.695880239
4456.81982,-2219.324353,-4.697309421
4463.825826,-2217.607282,-4.698552187
4470.831832,-2215.809182,-4.699609901
4477.837838,-2213.930932,-4.700483918
4484.843844,-2211.973394,-4.701175577
4491.84985,-2209.937426,-4.701686206
4498.855856,-2207.823872,-4.70201712
4505.861862,-2205.633568,-4.702169621
4512.867868,-2203.36734,-4.702144998
4519.873874,-2201.026003,-4.701944531
4526.87988,-2198.610366,-4.701569484
4533.885886,-2196.121226,-4.701021113
4540.891892,-2193.559371,-4.700300659
4547.897898,-2190.925792,-4.699409806
4554.903904,-2188.221292,-4.698349844
4561.90991,-2185.446395,-4.697121474
4568.915916,-2182.601855,-4.695725892
4575.921922,-2179.688415,-4.694164284
4582.927928,-2176.706812,-4.692437825
4589.933934,-2173.657773,-4.690547677
4596.93994,-2170.542017,-4.688494995
4603.945946,-2167.360255,-4.68628092
4610.951952,-2164.113191,-4.683906583
4617.957958,-2160.801518,-4.681373108
4624.963964,-2157.425924,-4.678681605
4631.96997,-2153.98709,-4.675833175
4638.975976,-2150.485685,-4.672828909
4645.981982,-2146.922376,-4.66966989
4652.987988,-2143.297818,-4.666357188
4659.993994,-2139.612661,-4.662891865
4667,-2135.867547,-4.659274974
4674.006006,-2132.063111,-4.655507558
4681.012012,-2128.199982,-4.65159065
4688.018018,-2124.278978,-4.647525707
4695.024024,-2120.300933,-4.643314229
4702.03003,-2116.266042,-4.638956316
4709.036036,-2112.174903,-4.634452967
4716.042042,-2108.028112,-4.629805168
4723.048048,-2103.826256,-4.625013899
4730.054054,-2099.569914,-4.620080132
4737.06006,-2095.259663,-4.615004828
4744.066066,-2090.896069,-4.609788941
4751.072072,-2086.479695,-4.604433416
4758.078078,-2082.011096,-4.598939191
4765.084084,-2077.490822,-4.593307194
4772.09009,-2072.919417,-4.587538346
4779.096096,-2068.297418,-4.58163356
4786.102102,-2063.625358,-4.57559374
4793.108108,-2058.903958,-4.56942022
4800.114114,-2054.13406,-4.563114603
4807.12012,-2049.315664,-4.55667663
4814.126126,-2044.44928,-4.550107173
4821.132132,-2039.53541,-4.5434071
4828.138138,-2034.574553,-4.536577269
4835.144144,-2029.567202,-4.529618532
4842.15015,-2024.513844,-4.522531733
4849.156156,-2019.41496,-4.515317709
4856.162162,-2014.27103,-4.507977289
4863.168168,-2009.082523,-4.500511297
4870.174174,-2003.849908,-4.492920548
4877.18018,-1998.573645,-4.485205851
4884.186186,-1993.254705,-4.477369161
4891.192192,-1987.893298,-4.469410731
4898.198198,-1982.489602,-4.461330746
4905.204204,-1977.044059,-4.453129987
4912.21021,-1971.557108,-4.444809231
4919.216216,-1966.02918,-4.436369246
4926.222222,-1960.460705,-4.427810793
4933.228228,-1954.852106,-4.41913463
4940.234234,-1949.203804,-4.410341505
4947.24024,-1943.516213,-4.401432163
4954.246246,-1937.789743,-4.392407341
4961.252252,-1932.025249,-4.383268783
4968.258258,-1926.223075,-4.374017088
4975.264264,-1920.38323,-4.364652093
4982.27027,-1914.506108,-4.355174512
4989.276276,-1908.592098,-4.345585052
4996.282282,-1902.641586,-4.335884415
5003.288288,-1896.654954,-4.326073296
5010.294294,-1890.632578,-4.316152385
5017.3003,-1884.574833,-4.306122367
5024.306306,-1878.482087,-4.29598392
5031.312312,-1872.35511,-4.285738639
5038.318318,-1866.194337,-4.275387364
5045.324324,-1859.999651,-4.264929669
5052.33033,-1853.771405,-4.25436621
5059.336336,-1847.509951,-4.24369764
5066.342342,-1841.215637,-4.232924605
5073.348348,-1834.888805,-4.222047746
5080.354354,-1828.529797,-4.2110677
5087.36036,-1822.138947,-4.199985097
5094.366366,-1815.716738,-4.188800903
5101.372372,-1809.264118,-4.177517169
5108.378378,-1802.780646,-4.166132745
5115.384384,-1796.266645,-4.154648242
5122.39039,-1789.722436,-4.143064266
5129.396396,-1783.148335,-4.131381419
5136.402402,-1776.544655,-4.119600297
5143.408408,-1769.911706,-4.107721493
5150.414414,-1763.249796,-4.095745594
5157.42042,-1756.559677,-4.08367423
5164.426426,-1749.841692,-4.071508077
5171.432432,-1743.095647,-4.059246565
5178.438438,-1736.321835,-4.046890264
5185.444444,-1729.520549,-4.034439739
5192.45045,-1722.692077,-4.021895549
5199.456456,-1715.836706,-4.009258252
5206.462462,-1708.954717,-3.996528397
5213.468468,-1702.046674,-3.983707195
5220.474474,-1695.113254,-3.970796129
5227.48048,-1688.154048,-3.957794136
5234.486486,-1681.169328,-3.944701753
5241.492492,-1674.159361,-3.931519508
5248.498498,-1667.124415,-3.918247929
5255.504505,-1660.064752,-3.904887538
5262.510511,-1652.980635,-3.891438854
5269.516517,-1645.872835,-3.877903605
5276.522523,-1638.741566,-3.864282201
5283.528529,-1631.586608,-3.850574037
5290.534535,-1624.408212,-3.836779614
5297.540541,-1617.206625,-3.822899433
5304.546547,-1609.982094,-3.808933987
5311.552553,-1602.733957,-3.794881628
5318.558559,-1595.458055,-3.78073241
5325.564565,-1588.154679,-3.766486911
5332.570571,-1580.824117,-3.752145704
5339.576577,-1573.466653,-3.737709358
5346.582583,-1566.08257,-3.723178435
5353.588589,-1558.672147,-3.708553497
5360.594595,-1551.235661,-3.693835097
5367.600601,-1543.773385,-3.679023788
5374.606607,-1536.28559,-3.664120116
5381.612613,-1528.772546,-3.649124624
5388.618619,-1521.234517,-3.634037851
5395.624625,-1513.671767,-3.61886033
5402.630631,-1506.084556,-3.603592592
5409.636637,-1498.473142,-3.588235163
5416.642643,-1490.83778,-3.572788566
5423.648649,-1483.178724,-3.557253319
5430.654655,-1475.496224,-3.541629937
5437.660661,-1467.790528,-3.525918929
5444.666667,-1460.06188,-3.510120803
5451.672673,-1452.310525,-3.494236061
5458.678679,-1444.536703,-3.478265202
5465.684685,-1436.740653,-3.462208723
5472.690691,-1428.922609,-3.446067114
5479.696697,-1421.082807,-3.429840862
5486.702703,-1413.221476,-3.413530454
5493.708709,-1405.338848,-3.397136369
5500.714715,-1397.435148,-3.380659084
5507.720721,-1389.510601,-3.364099073
5514.726727,-1381.56543,-3.347456805
5521.732733,-1373.599855,-3.330732749
5528.738739,-1365.614094,-3.313927365
5535.744745,-1357.608364,-3.297041115
5542.750751,-1349.582878,-3.280074454
5549.756757,-1341.537848,-3.263027835
5556.762763,-1333.473485,-3.245901708
5563.768769,-1325.389996,-3.22869652
5570.774775,-1317.287587,-3.211412712
5577.780781,-1309.166462,-3.194050726
5584.786787,-1301.026823,-3.176610997
5591.792793,-1292.868869,-3.159093959
5598.798799,-1284.6928,-3.141500042
5605.804805,-1276.49881,-3.123829673
5612.810811,-1268.287094,-3.106083277
5619.816817,-1260.057845,-3.088261273
5626.822823,-1251.811253,-3.070364081
5633.828829,-1243.547508,-3.052392114
5640.834835,-1235.266794,-3.034345785
5647.840841,-1226.969299,-3.016225503
5654.846847,-1218.655205,-2.998031673
5661.852853,-1210.324694,-2.979764698
5668.858859,-1201.977946,-2.96142498
5675.864865,-1193.615138,-2.943012914
5682.870871,-1185.236448,-2.924528896
5689.876877,-1176.842051,-2.905973317
5696.882883,-1168.432118,-2.887346566
5703.888889,-1160.006822,-2.868649029
5710.894895,-1151.566334,-2.849881089
5717.900901,-1143.110819,-2.831043127
5724.906907,-1134.640447,-2.812135521
5731.912913,-1126.155381,-2.793158646
5738.918919,-1117.655786,-2.774112875
5745.924925,-1109.141822,-2.754998578
5752.930931,-1100.613651,-2.735816122
5759.936937,-1092.071432,-2.716565871
5766.942943,-1083.515321,-2.697248189
5773.948949,-1074.945475,-2.677863435
5780.954955,-1066.362049,-2.658411965
5787.960961,-1057.765195,-2.638894136
5794.966967,-1049.155065,-2.619310298
5801.972973,-1040.531809,-2.599660801
5808.978979,-1031.895576,-2.579945994
5815.984985,-1023.246514,-2.560166221
5822.990991,-1014.584767,-2.540321824
5829.996997,-1005.910481,-2.520413143
5837.003003,-997.2237996,-2.500440517
5844.009009,-988.5248638,-2.480404281
5851.015015,-979.8138146,-2.460304768
5858.021021,-971.0907912,-2.440142309
5865.027027,-962.3559316,-2.419917232
5872.033033,-953.6093725,-2.399629863
5879.039039,-944.8512492,-2.379280528
5886.045045,-936.081696,-2.358869548
5893.051051,-927.3008458,-2.338397242
5900.057057,-918.5088302,-2.317863927
5907.063063,-909.7057796,-2.297269921
5914.069069,-900.8918233,-2.276615534
5921.075075,-892.0670892,-2.25590108
5928.081081,-883.2317044,-2.235126865
5935.087087,-874.3857943,-2.214293198
5942.093093,-865.5294836,-2.193400384
5949.099099,-856.6628955,-2.172448724
5956.105105,-847.7861523,-2.15143852
5963.111111,-838.899375,-2.13037007
5970.117117,-830.0026837,-2.109243671
5977.123123,-821.096197,-2.088059618
5984.129129,-812.1800329,-2.066818203
5991.135135,-803.2543079,-2.045519717
5998.141141,-794.3191376,-2.024164449
6005.147147,-785.3746366,-2.002752685
6012.153153,-776.4209184,-1.981284711
6019.159159,-767.4580953,-1.95976081
6026.165165,-758.4862787,-1.938181263
6033.171171,-749.5055791,-1.916546348
6040.177177,-740.5161057,-1.894856345
6047.183183,-731.5179668,-1.873111527
6054.189189,-722.51127,-1.85131217
6061.195195,-713.4961214,-1.829458544
6068.201201,-704.4726266,-1.807550921
6075.207207,-695.4408898,-1.785589568
6082.213213,-686.4010146,-1.763574752
6089.219219,-677.3531036,-1.741506739
6096.225225,-668.2972582,-1.71938579
6103.231231,-659.2335792,-1.697212169
6110.237237,-650.1621662,-1.674986133
6117.243243,-641.083118,-1.652707943
6124.249249,-631.9965327,-1.630377853
6131.255255,-622.9025072,-1.607996118
6138.261261,-613.8011377,-1.585562992
6145.267267,-604.6925193,-1.563078726
6152.273273,-595.5767465,-1.540543569
6159.279279,-586.4539129,-1.51795777
6166.285285,-577.324111,-1.495321575
6173.291291,-568.1874328,-1.47263523
6180.297297,-559.0439693,-1.449898976
6187.303303,-549.8938105,-1.427113057
6194.309309,-540.7370458,-1.404277713
6201.315315,-531.5737639,-1.381393182
6208.321321,-522.4040523,-1.358459701
6215.327327,-513.2279981,-1.335477506
6222.333333,-504.0456874,-1.312446831
6229.339339,-494.8572056,-1.289367909
6236.345345,-485.6626371,-1.26624097
6243.351351,-476.462066,-1.243066245
6250.357357,-467.2555751,-1.219843962
6257.363363,-458.0432469,-1.196574347
6264.369369,-448.8251629,-1.173257626
6271.375375,-439.6014039,-1.149894022
6278.381381,-430.37205,-1.126483759
6285.387387,-421.1371805,-1.103027056
6292.393393,-411.8968742,-1.079524135
6299.399399,-402.6512089,-1.055975212
6306.405405,-393.4002619,-1.032380505
6313.411411,-384.1441097,-1.00874023
6320.417417,-374.8828281,-0.985054601
6327.423423,-365.6164924,-0.96132383
6334.429429,-356.345177,-0.937548128
6341.435435,-347.0689556,-0.913727707
6348.441441,-337.7879015,-0.889862775
6355.447447,-328.502087,-0.86595354
6362.453453,-319.2115841,-0.842000207
6369.459459,-309.9164639,-0.818002982
6376.465465,-300.6167969,-0.793962069
6383.471471,-291.3126531,-0.769877669
6390.477477,-282.0041016,-0.745749984
6397.483483,-272.6912112,-0.721579215
6404.489489,-263.3740499,-0.697365559
6411.495495,-254.052685,-0.673109214
6418.501502,-244.7271834,-0.648810377
6425.507508,-235.3976113,-0.624469242
6432.513514,-226.0640342,-0.600086003
6439.51952,-216.7265173,-0.575660853
6446.525526,-207.3851249,-0.551193983
6453.531532,-198.0399209,-0.526685584
6460.537538,-188.6909685,-0.502135845
6467.543544,-179.3383305,-0.477544953
6474.54955,-169.982069,-0.452913095
6481.555556,-160.6222456,-0.428240458
6488.561562,-151.2589213,-0.403527225
6495.567568,-141.8921566,-0.378773581
6502.573574,-132.5220115,-0.353979707
6509.57958,-123.1485453,-0.329145784
6516.585586,-113.7718168,-0.304271992
6523.591592,-104.3918845,-0.279358512
6530.597598,-95.00880617,-0.254405519
6537.603604,-85.62263905,-0.229413192
6544.60961,-76.23343994,-0.204381706
6551.615616,-66.8412651,-0.179311236
6558.621622,-57.4461703,-0.154201955
6565.627628,-48.04821079,-0.129054036
6572.633634,-38.64744134,-0.103867651
6579.63964,-29.24391622,-0.078642969
6586.645646,-19.83768921,-0.053380162
6593.651652,-10.42881361,-0.028079396
6600.657658,-1.017342237,-0.002740839
6607.663664,8.396672553,0.022635341
6614.66967,17.81317889,0.04804898
6621.675676,27.23212536,0.073499912
6628.681682,36.65346101,0.098987976
6635.687688,46.07713536,0.124513007
6642.693694,55.50309837,0.150074845
6649.6997,64.93130046,0.175673328
6656.705706,74.36169247,0.201308298
6663.711712,83.79422571,0.226979595
6670.717718,93.22885192,0.252687061
6677.723724,102.6655233,0.27843054
6684.72973,112.1041923,0.304209876
6691.735736,121.5448122,0.330024914
6698.741742,130.9873363,0.3558755
6705.747748,140.4317184,0.38176148
6712.753754,149.8779129,0.407682703
6719.75976,159.3258745,0.433639016
6726.765766,168.7755583,0.45963027
6733.771772,178.2269197,0.485656314
6740.777778,187.6799147,0.511717
6747.783784,197.1344996,0.537812181
6754.78979,206.590631,0.563941709
6761.795796,216.0482661,0.590105437
6768.801802,225.5073623,0.616303222
6775.807808,234.9678776,0.642534917
6782.813814,244.42977,0.66880038
6789.81982,253.8929983,0.695099468
6796.825826,263.3575214,0.721432039
6803.831832,272.8232987,0.747797952
6810.837838,282.2902898,0.774197065
6817.843844,291.7584549,0.800629241
6824.84985,301.2277545,0.82709434
6831.855856,310.6981493,0.853592224
6838.861862,320.1696004,0.880122756
6845.867868,329.6420694,0.906685801
6852.873874,339.1155182,0.933281221
6859.87988,348.5899089,0.959908883
6866.885886,358.065204,0.986568653
6873.891892,367.5413665,1.013260397
6880.897898,377.0183596,1.039983983
6887.903904,386.4961467,1.066739279
6894.90991,395.9746919,1.093526154
6901.915916,405.4539592,1.120344478
6908.921922,414.9339132,1.147194122
6915.927928,424.4145188,1.174074957
6922.933934,433.8957411,1.200986855
6929.93994,443.3775456,1.227929688
6936.945946,452.8598981,1.25490333
6943.951952,462.3427647,1.281907656
6950.957958,471.8261119,1.30894254
6957.963964,481.3099062,1.336007857
6964.96997,490.7941149,1.363103485
6971.975976,500.2787051,1.3902293
6978.981982,509.7636445,1.417385179
6985.987988,519.2489011,1.444571001
6992.993994,528.7344429,1.471786646
7000,538.2202386,1.499031993
0,0,0
0,0,0
0,0,0
0,0,0
0,0,0
0,0,0
0,0,0
0,0,0
0,0,0
0,0,0
0,0,0
0,0,0
0,0,0
0,0,0
0,0,0
0,0,0
0,0,0
0,0,0
0,0,0
0,0,0
0,0,0
0,0,0
0,0,0
0,0,0
0,0,0
0,0,0
0,0,0
0,0,0
0,0,0
0,0,0
0,0,0
0,0,0
0,0,0
0,0,0
0,0,0
0,0,0
0,0,0
0,0,0
0,0,0
0,0,0
0,0,0
0,0,0
0,0,0
0,0,0
0,0,0
0,0,0
0,0,0
0,0,0
0,0,0
0,0,0
0,0,0
0,0,0
0,0,0
0,0,0
0,0,0
0,0,0
0,0,0
0,0,0
0,0,0
0,0,0
0,0,0
0,0,0
0,0,0
0,0,0
0,0,0
0,0,0
0,0,0
0,0,0
0,0,0
0,0,0
0,0,0
0,0,0
0,0,0
0,0,0
0,0,0
0,0,0
0,0,0
0,0,0
0,0,0
0,0,0
0,0,0
0,0,0
0,0,0
0,0,0
0,0,0
0,0,0
0,0,0
0,0,0
0,0,0
0,0,0
0,0,0
0,0,0
0,0,0
0,0,0
0,0,0
0,0,0
0,0,0
0,0,0
0,0,0
0,0,0
0,0,0
0,0,0
0,0,0
0,0,0
0,0,0
0,0,0
0,0,0
0,0,0
0,0,0
0,0,0
0,0,0
0,0,0
0,0,0
0,0,0
0,0,0
0,0,0
0,0,0
0,0,0
0,0,0
0,0,0
0,0,0
0,0,0
0,0,0
0,0,0
0,0,0
0,0,0
0,0,0
0,0,0
0,0,0
0,0,0
0,0,0
0,0,0
0,0,0
0,0,0
0,0,0
0,0,0
0,0,0
0,0,0
0,0,0
0,0,0
0,0,0
0,0,0
0,0,0
0,0,0
0,0,0
0,0,0
0,0,0
0,0,0
0,0,0
0,0,0
0,0,0
0,0,0
0,0,0
0,0,0
0,0,0
0,0,0
0,0,0
0,0,0
0,0,0
0,0,0
0,0,0
0,0,0
0,0,0
0,0,0
0,0,0
0,0,0
0,0,0
0,0,0
0,0,0
0,0,0
0,0,0
0,0,0
0,0,0
0,0,0
0,0,0
0,0,0
0,0,0
0,0,0
0,0,0
0,0,0
0,0,0
0,0,0
0,0,0
0,0,0
0,0,0
0,0,0
0,0,0
0,0,0
0,0,0
0,0,0
0,0,0
0,0,0
0,0,0
0,0,0
0,0,0
0,0,0
0,0,0
0,0,0
0,0,0
0,0,0